English, Tagalog, Kapampangan
handsome, gwapo, masanting
beautiful, maganda, malagu
sour, maasim, maslam
sweet, matamis, mayumo
big, malaki, madagul
small, maliit, malati
few, kaunti, ditak
little, onti,puranggit
left, kaliwa, kaili
right, kanan, wanan
cold, malamig, marimla
hot, maiinit, mapali
expensive, mahal, mal
cheap, mura, mura
half,kalahati,kapitna
ugly,pangit,matsura
spicy,maanghang,maparas
later,mamaya,pota
now,ngayon,ngeni
early,maaga,maranun
plenty,madami,dakal
short,maikli,makuyad
full,puno,sapak
