English, Tagalog, Kapampangan
name,pangalan,lagyu
evening,gabi,bengi
afternoon,hapon,gatpananun
morning,umaga,abak
care,pakialam,masabal
house,bahay,bale
plant,halaman,tanaman
pig,baboy,babi
cat,pusa,pusa
dog,aso,asu
chick,sisiw,sisi
window,bintana,awang
mouse,daga,dagis
animal,hayop,ayup
water,tubig,danum
food,pagkain,pamangan
vehicle,sasakyan,saken
clothes,damit,malan
pillow,unan,ulnan
blanket,kumot,ulas
door,pinto,pasbul
chair,upuan,luklukan
flower,bulaklak,sampaga
earthquake,lindol,ayun
fire,apoy,api
head,ulo,buntuk
foot,paa,bitis
hang,kamay,gamat
mouth,bibig,asbuk
teeth,ngipin,ipan
year,taon,banwa
month,buwan,bulan
day,araw,aldo
minute,minuto,minutu
hour,oras,oras
